{
  "RWF-2000": {
    "resize": [
      224,
      224
    ],
    "horizontal_flip": 0.5,
    "vertical_flip": 0.5,
    "rotation": [
      0,
      360
    ],
    "color_jitter_params": {
      "brightness": 0.3922703492012967,
      "contrast": 0.3959009193706804,
      "saturation": 0.2406945343293924,
      "hue": 0.055004273439839074
    },
    "mean": [
      0.485,
      0.456,
      0.406
    ],
    "std": [
      0.229,
      0.224,
      0.225
    ]
  },
  "HockeyFights": {
    "resize": [
      224,
      224
    ],
    "horizontal_flip": 0.5,
    "vertical_flip": 0,
    "rotation": [
      0,
      45
    ],
    "color_jitter_params": {
      "brightness": 0.3922703492012967,
      "contrast": 0.3959009193706804,
      "saturation": 0.2406945343293924,
      "hue": 0.055004273439839074
    },
    "mean": [
      0.485,
      0.456,
      0.406
    ],
    "std": [
      0.229,
      0.224,
      0.225
    ]
  },
  "Fight-Surveillance": {
    "resize": [
      224,
      224
    ],
    "horizontal_flip": 0.5,
    "vertical_flip": 0.5,
    "rotation": [
      0,
      360
    ],
    "color_jitter_params": {
      "brightness": 0.2,
      "contrast": 0.2,
      "saturation": 0.2,
      "hue": 0.02
    },
    "mean": [
      0.485,
      0.456,
      0.406
    ],
    "std": [
      0.229,
      0.224,
      0.225
    ]
  }
}